Director_id,Director_name
1,A. Bhimsingh
2,A. Edward Sutherland
3,A. L. Vijay
4,Émile Gaudreault
5,Aaron Blaise
6,Bob Walker
7,Aaron Kim
8,Aaron Sorkin
9,Abbas Mustan
10,Abbas Tyrewala
11,Abbas-Mustan
12,Abel Ferrara
13,Abhijeet Satam
14,Abhinay Deo
15,Abhishek Chaubey
16,Abhishek Kapoor
17,Abhishek Varman
18,Adam Kassen
19,Mark Kassen
20,Adam McKay
21,Adam Randall
22,Adam Rifkin
23,Adam Shankman
24,Adam Smith
25,Aditya Chopra
26,Adrian Vitoria
27,Advait Chandan
28,Ahishor Solomon
29,Ahn Sang-hoon
30,Aidan Belizaire
31,Aishwarya R. Dhanush
32,Ajay Bhuyan
33,Ajay Gnanamuthu
34,Ajmal Zaheer Ahmad
35,Akiva Schaffer
36,Akshay Akkineni
37,Alan Bunce
38,Alan Clarke
39,Alan Le May
40,Alan Mak
41,Andrew Lau
42,Alan Metter
43,Alan Parker
44,Alan Rafkin
45,Alan Rudolph
46,Alan Taylor
47,Alastair Fothergill
48,Mark Linfield
49,Keith Scholey
50,Alastair Siddons
51,Albert Hughes
52,Allen Hughes
53,Albert Band
54,Albert C. Gannaway
55,Albert H. Kelley
56,Albert Herman
57,Albert Kelley
58,Albert Pyun
59,Albert Ray
60,Albert S. Rogell
61,Alec Morgan
62,Alec Su
63,Alejandro González Iñárritu
64,Aleksey Tsitsilin
65,Alex Cox
66,Alex Garland
67,Alex Gregory
68,Peter Huyck
69,Alex Nicol
70,Alex Pastor
71,David Pastor
72,Alex Ross Perry
73,Alexander Korda
74,Alexander MacKendrick
75,Alexander Payne
76,Alexander Witt
77,Alexei Popogrebski
78,Alexei Uchitel
79,Alexis Thurn
80,Alfonso Aráu
81,Alfred E. Green
82,Alfred Hitchcock
83,Alfred L. Werker
84,Alfred Santell
85,Alfred Zeisler
86,Alfredo De Villa
87,Ali Abbas Zafar
88,Allan Arkush
89,Allan Dwan
90,Allan Goldstein
91,Allan Holzman
92,Amardeep Singh Gill
93,Ömer Faruk Sorak
94,Amit Maitra
95,Sombhu Mitra
96,Amit Masurkar
97,Amit Saxena
98,Amitoj Maan
99,Ana Lily Amirpour
100,Anand Shankar
101,Anand Tucker
102,Ananda Krishnan
103,Anant Balani
104,Anant Mahadevan
105,André de Toth
106,Andrea Arnold
107,Andrei Konchalovsky
108,Andrei Kravchuk
109,Andrew Adamson
110,Andrew Bujalski
111,Andrew Currie
112,Andrew Davis
113,Andrew Douglas
114,Andrew Gallerani
115,Andrew L. Stone
116,Andrew Stanton
117,Lee Unkrich
118,Andrew V. McLaglen
119,Andrzej Bartkowiak
120,Andrzej Jakimowski
121,Andy Dick
122,Andy Fickman
123,Andy Serkis
124,Andy Tennant
125,Andy Wachowski
126,Larry Wachowski
127,Anees Bazmee
128,Aneesh Anvar
129,Angela Robinson
130,Anil Kumar
131,Anil Ravipudi
132,Anil Sharma
133,Anita Doron
134,Annette Haywood-Carter
135,Anthony Burns
136,Anthony C. Ferrante
137,Anthony Harvey
138,Anthony Hemingway
139,Anthony Kimmins
140,Anthony Mann
141,Anthony Michael Hall
142,Anthony Page
143,Anthony Russo
144,Joe Russo
145,Anthony Simmons
146,Antoine Fuqua
147,Antoine Thomas
148,Antoinette Jadaone
149,Anton Corbijn
150,Antonio Campos
151,Antony Balch
152,Antony Szeto
153,Anurag Basu
154,Anurag Kashyap
155,Anurag Singh
156,Aparna Sen
157,Apoorva Lakhia
158,April Mullen
159,AR Murugadoss
160,Arch Oboler
161,Arie Posin
162,Ariel Kleiman
163,Ariel Vromen
164,Arjun
165,Arjun Sarja
166,Arlene Sanford
167,Armand Schaefer
168,Armand Weston
169,Armando Iannucci
170,Arnab Chaudhuri
171,Arnold Laven
172,Art Clokey
173,Arthur Hiller
174,Arthur Hilton
175,Arthur Hopkins
176,Arthur Lubin
177,Arthur Marks
178,Arthur Penn
179,Arthur Pierson
180,Artie Mandelberg
181,Arun Prabu Purushothaman
182,Arun Vaidyanathan
183,Asger Leth
184,Ashish R Shukla
185,Ashok Roy
186,Ashutosh Gowarikar
187,Ashwin Saravanan
188,Ashwini Iyer Tiwari
189,Atanu Mukherjee
190,Atlee
191,Atom Egoyan
192,Atul Kale
193,Avinash Das
194,Ayaan Mukherjee
195,Ayush Raina
196,Azazel Jacobs
197,Aziz Mirza
198,B.R. Chopra
199,B. Kalidas
200,B. N. Shajeer Shah
201,B. Reeves Eason
202,B. S. Pradeep Varma
203,B. Unnikrishnan
204,Babak Anvari
205,Babbar Subhash
206,Babu Narayanan
207,Baek Jong-yul
208,Baillie Walsh
209,Balaji Mohan
210,Balaji Sakthivel
211,Baljit Singh Deo
212,Balu Mahendra
213,Bapu
214,Baran bo Odar
215,Barbara Peters
216,Barnaby Southcombe
217,Barnet Kellman
218,Barry Levinson
219,Barry Mahon
220,Barry Shear
221,Barry Sonnenfeld
222,Basil Dean
223,Basu Chatterjee
224,Beeban Kidron
225,Bejoy Nambiar
226,Ben Demaree
227,Ben Howling
228,Yolanda Ramke
229,Ben Safdie
230,Joshua Safdie
231,Ben Wheatley
232,Benjamin Stoloff
233,Bennett Miller
234,Benny Chan
235,Benoît Pilon
236,Bernard L. Kowalski
237,Bernard Miles
238,Bernard Rose
239,Bernard Vorhaus
240,Bert I. Gordon
241,Betty Thomas
242,Bhaskar Bandi
243,Bhimaneni Srinivasa Rao
244,Bibo Bergeron
245,Will Finn
246,Bill Bixby
247,Bill Condon
248,Bill Duke
249,Bill Ewing
250,Bill Fishman
251,Bill Forsyth
252,Bill Froelich
253,Bill Gunn
254,Bill Karn
255,Bill Paxton
256,Bill Plympton
257,Bill Pohlad
258,Billy Wilder
259,Bimal Roy
260,Biyi Bandele
261,BJ McDonnell
262,Blair Treu
263,Blake Edwards
264,Blake Van de Graaf
265,Bo Welch
266,Boaz Yakin
267,Bob Clark
268,Bob Dahlin
269,Bob Gale
270,Bob Giraldi
271,Bob Kellett
272,Bob Spiers
273,Bobby Farrelly
274,Peter Farrelly
275,Bong Joon-ho
276,Boris Khlebnikov
277,Aleksey Popogrebskiy
278,Boyapati Srinu
279,Brad Anderson
280,Brad Bird
281,Brad Furman
282,Brad Peyton
283,Bradley Parker
284,Brandon Cronenberg
285,Breck Eisner
286,Brenda Chapman
287,Brendan Bradley
288,Bretaigne Windust
289,Brian A. Miller
290,Brian Brightly
291,Brian De Palma
292,Brian Desmond Hurst
293,Brian Fee
294,Brian Helgeland
295,Brian Henson
296,Brian Klugman
297,Lee Sternthal
298,Brian Levant
299,Brian Pimental
300,Brian Trenchard-Smith
301,Brian Yuzna
302,Britt Leonard
303,Bruce Beresford
304,Bruce Kessler
305,Bruce Malmuth
306,Bruce McDonald
307,Bruce Pittman
308,Bruce Robinson
309,Bruce Smith
310,Bryan Forbes
311,Budd Boetticher
312,Buddy Giovinazzo
313,Burny Mattinson
314,Burr Steers
315,Burt Balaban
316,Burt Kennedy
317,Burt Lancaster
318,Burt Reynolds
319,Busby Berkeley
320,Buster Keaton
321,Buzz Kulik
322,Byron Haskin
323,Byron Howard
324,Rich Moore
325,Nathan Greno
326,C. S. Amudhan
327,C. V. Kumar
328,Callie Khouri
329,Cameron Cairnes
330,Colin Cairnes
331,Cameron Crowe
332,Camille Delamarre
333,Campbell Scott
334,Stanley Tucci
335,Carl Bessai
336,Carl Franklin
337,Carl Hittleman
338,Carl Schultz
339,Carlo Carlei
340,Caroline Thompson
341,Carroll Ballard
342,Cate Shortland
343,Catherine Hardwicke
344,Cathy Garcia-Molina
345,Chad Archibald
346,Chakri Toleti
347,Chan Chi-fat
348,Chandra Sekhar Yeleti
349,Chang
350,Chang Cheh
351,Pao Hsueh Lieh
352,Chang You-jeong
353,Charla Driver
354,Charles A. Nichols
355,Charles B. Pierce
356,Charles Barton
357,Charles Binamé
358,Charles Guggenheim
359,Charles Haid
360,Charles Lamont
361,Charles Martin Smith
362,Charles Riesner
363,Charles Saunders
364,Charles Shyer
365,Charles Walters
366,Charlie McDowell
367,Cheh Chang
368,Chen Sicheng
369,Chen Yu-hsun
370,Cheng Er
371,Cheryl Dunye
372,Chiodu Brothers
373,Cho Geun-hyun
374,Cho Hyun-hoon
375,Choo Chang-min
376,Chris Buck
377,Jennifer Lee
378,Chris Foggin
379,Chris Gerolmo
380,Chris Heimerdinger
381,Chris Koch
382,Chris Lavis
383,Maciek Szczerbowski
384,Chris Matheson
385,Chris Nelson
386,Chris Riedell
387,Chris Sanders
388,Dean DeBlois
389,Chris Wedge
390,Carlos Saldanha
391,Chris Weitz
392,Paul Weitz
393,Chris Williams
394,Christian Desmares
395,Franck Ekinci
396,Christian E. Christiansen
397,Christoph Schrewe
398,Christopher Douglas Ray
399,Christopher Douglas-Olen Ray
400,Christopher Fraser
401,Christopher Larkin
402,Christopher Leitch
403,Christopher McQuarrie
404,Christopher Nolan
405,Christopher Presswell
406,Christopher Smith
407,Christy Cabanne
408,Chuck Russell
409,Chuck Sheetz
410,Ciaran Foy
411,Clarence Brown
412,Maurice Tourneur
413,Clarence Fok
414,Clement Virgo
415,Cliff Owen
416,Clint Eastwood
417,Clive Barker
418,Clive Donner
419,Clive Rees
420,Clyde Bruckman
421,Clyde Geronimi
422,Wilfred Jackson
423,Co Hoedeman
424,Coleman Francis
425,Colin Carter
426,Sandra Feldman
427,Colin Eggleston
428,Colin Teague
429,Colm McCarthy
430,Cordell Barker
431,Cornel Wilde
432,Courtney Solomon
433,Craig Brewer
434,Craig Gillespie
435,Craig Johnson
436,Craig Monahan
437,Craig Moss
438,Craig Rosenberg
439,Crane Wilbur
440,Curt Hahn
441,Curt Siodmak
442,Curtis Hanson
443,Curtis Harrington
444,Cy Endfield
445,D. J. Caruso
446,D. R. Hood
447,D. W. Griffith
448,D.J. Webster
449,D.W. Griffith
450,Daina Reid
451,Damien Dante Wayans
452,Dan Fogelman
453,Dan Scanlon
454,Dan Villegas
455,Daniel Barber
456,Daniel Benmayor
457,Daniel Lee
458,Daniel MacIvor
459,Daniel Stamm
460,Daniel Stern
461,Danny Boyle
462,Danny Pang Fat
463,Oxide Pang Chun
464,Danny Steinmann
465,Dante Lam
466,Darnell Martin
467,Darrell Rooney
468,Darren Aronofsky
469,Darren Stein
470,Dave Fleischer
471,Dave Green
472,Dave Thomas
473,David Acomba
474,David Ayer
475,David Bezmozgis
476,David Bruckner
477,David Carson
478,David Cronenberg
479,David Devine
480,David Dhawan
481,David Fincher
482,David Gordon Green
483,David Greene
484,David Hand
485,David Howard
486,David Keating
487,David Koepp
488,David L. Cunningham
489,David L. Hewitt
490,David Lean
491,David LG Hughes
492,David Lowery
493,David Lynch
494,David MacDonald
495,David Mackenzie
496,David Mamet
497,David Michôd
498,David Mickey Evans
499,David Miller
500,David Mirkin
501,David Nixon
502,David O. Russell
503,David R. Ellis
504,David Robert Deranian
505,Austin Robert Hines
506,David S. Goyer
507,David S. Ward
508,David Silverman
509,David Soren
510,David Stevens
511,David Swift
512,David Wickes
513,David Winters
514,David Zucker
515,Dean Cundey
516,Dean Francis
517,Dean Hamilton
518,Dean Parisot
519,Dean Riesner
520,Debaloy Dey
521,Deborah Brock
522,Deborah Kaplan
523,Harry Elfont
524,Deepak Bahry
525,Deepak Sareen
526,Del Tenney
527,Delmer Daves
528,Denis Héroux
529,Denis Sanders
530,Denis Villeneuve
531,Dennie Gordon
532,Dennis Hopper
533,Derek Cianfrance
534,Derek Yee
535,Derrick Börte
536,Derrick Sims
537,Destin Cretton
538,Devendra Goel
539,Dhanush
540,Dharmesh Darshan
541,Diablo Cody
542,Diao Yi'nan
543,Dibakar Banerjee
544,Dick Richards
545,Dilip Shukla
546,Dinesh Vijan
547,Ben Blaine
548,Dorota Kobiela
549,James Nunn
550,Jeremy Degruson
551,Joachim Rønning
552,Joel Coen
553,Ethan Coen
554,Lynne Ramsay
555,Michael Apted
556,Richard Loncraine
557,The Wachowskis
558,Toa Fraser
559,Yorgos Lanthimos
560,Dmitriy Dyachenko
561,Dominic Burns
562,"Don ""Red"" Barry"
563,Don Bluth
564,Gary Goldman
565,Don Chaffey
566,Don Coscarelli
567,Don Hartman
568,Don McKellar
569,Don Roos
570,Don Siegel
571,Don Weis
572,Donald Crombie
573,Donald P. Bellisario
574,Dong-Wook Lee
575,Tommy Yune
576,Donovan Winter
577,Dorothy Davenport
578,Doug Liman
579,Douglas Cheek
580,Drake Doremus
581,Dudley Murphy
582,Duncan Jones
583,Duncan Roy
584,D'Urville Martin
585,Dusan Makavejev
586,Dustin Hoffman
587,Duwayne Dunham
588,Dwight Little
589,E. V. V. Satyanarayana
590,Ed Gass-Donnelly
591,Ed Wood
592,Edgar G. Ulmer
593,Edgar Wright
594,Edmond O'Brien
595,Edmond T. Gréville
596,Edmund Goulding
597,Edoardo Ponti
598,Edward Cline
599,Edward Dmytryk
600,Edward H. Griffith
601,Edward L. Cahn
602,Edward Ludwig
603,Edward McHenry
604,Rory McHenry
605,Edward Montagne
606,Edward Sedgwick
607,Edward Sloman
608,Edward Zwick
609,Edwin L. Marin
610,Edwin Sherin
611,Elaine Constantine
612,Eliza Hittman
613,Ellen Perry
614,Elliot Hegarty
615,Elliot Silverstein
616,Elliott Nugent
617,Elmer Clifton
618,Emanuel Hoss-Desmarais
619,Emile Ardolino
620,Eran Creevy
621,Eric Darnell
622,Tim Johnson
623,Tom McGrath
624,Eric Karson
625,Eric Leighton
626,Ralph Zondag
627,Eric Till
628,Ericson Core
629,Eriq La Salle
630,Ernest Day
631,Ernie Barbarash
632,Ernst Lubitsch
633,Ethan Wiley
634,Eugene Corr
635,Evan Goldberg
636,F. Richard Jones
637,Farah Khan
638,Farhan Akhtar
639,Felix E. Feist
640,Feng Xiaogang
641,Fenton Bailey
642,Randy Barbato
643,Feroz
644,Fielder Cook
645,Fletcher Markle
646,Floria Sigismondi
647,Florian Henckel von Donnersmarck
648,Forest Whitaker
649,François Simard
650,Anouk Whissell
651,Yoann-Karl Whissell
652,Francis D. Ryan
653,Francis Ford Coppola
654,Francis Glebas
655,Frank Borzage
656,Frank Capra
657,Frank Coraci
658,Frank Darabont
659,Frank Harper
660,Frank Marshall
661,Frank McDonald
662,Frank Nissen
663,Frank Oz
664,Frank Perry
665,Frank Powell
666,Frank R. Strayer
667,Frank Ross
668,Franklin J. Schaffner
669,Fred C. Brannon
670,Fred C. Newmeyer
671,Fred Dekker
672,Fred Durst
673,Fred Guiol
674,Fred Wolf
675,Freddie Francis
676,Fredrik Bond
677,Fritz Kiersch
678,Fritz Lang
679,Fukasaku
680,KinjiKinji Fukasaku
681,Fung Chi-keung
682,G. N. R. Kumaravelan
683,Gabriela Cowperthwaite
684,Gabriele Muccino
685,Galt Niederhoffer
686,Ganesh Acharya
687,Ganesh Kadam
688,Gareth Carrivick
689,Gareth Lewis
690,Garry Marshall
691,Gary Chapman
692,Gary Entin
693,Gary Fleder
694,Gary Nelson
695,Gary Trousdale
696,Kirk Wise
697,Gary Wheeler
698,Gaurav
699,Gavin Millar
700,Gavin O'Connor
701,George A. Romero
702,George Archainbaud
703,George Barry
704,George Beck
705,George C. Wolfe
706,George Gallo
707,George Hickenlooper
708,George Marshall
709,George McCowan
710,George Melford
711,George Mendeluk
712,George P. Cosmatos
713,George Pollock
714,George Scribner
715,George Seaton
716,George Sherman
717,George Stevens
718,George Tillman Jr.
719,George Waggner
720,Gerard McMurray
721,Gerd Oswald
722,Gerry Lively
723,Gia Milani
724,Gil Dennis
725,Gil Junger
726,Gil Kenan
727,Gillian Armstrong
728,Gillian Robespierre
729,Gillies MacKinnon
730,Glenn Jordan
731,Godfrey Grayson
732,Godfrey Ho
733,Gokul
734,Gonzalo Lopez-Gallego
735,Gopichand
736,Gordon Chan
737,Gordon Douglas
738,Gordon Hessler
739,Gordon Parry
740,Gordon Willis
741,Gore Verbinski
742,Govi
743,Govind Moonis
744,Graham Cantwell
745,Greg Berlanti
746,Greg Kiefer
747,Greg McLean
748,Greg Whiteley
749,Gregg C. Tallas
750,Gregor Jordan
751,Gregory Hatanaka
752,Gregory La Cava
753,Gregory Widen
754,Greta Gerwig
755,Guan Hu
756,Guillermo del Toro
757,Gulzar
758,Gurinder Chadha
759,Guru Dutt
760,Gus Van Sant
761,Guy Browning
762,Guy Hamilton
763,Guy Maddin
764,Evan Johnson
765,H. B. Halicki
766,H. Bruce Humberstone
767,H. C. Potter
768,Habib Faisal
769,Hadi Hajaig
770,Hakan Algül
771,Hal Ashby
772,Hal Roach
773,Hal Walker
774,Han Han
775,Han Sang-ho
776,Hannah Fidell
777,Harald Zwart
778,Hari
779,Harley Cokeliss
780,Harmon Jones
781,Harold Becker
782,Harold Cronk
783,Harold F. Kress
784,Harold French
785,Harold P. Warren
786,Harold Ramis
787,Harold S. Bucquet
788,Harold Schuster
789,Harold Young
790,Harry Baweja
791,Harry Essex
792,Harry Horner
793,Harry L. Fraser
794,Harry Revier
795,Harry Winer
796,Harvey Berman
797,Harvey Glazer
798,Hasebe
799,YasuharuYasuharu Hasebe
800,Hasnain Hyderabadwala
801,Heitor Dhalia
802,Heldon Larry
803,Henry Cass
804,Henry Cornelius
805,Henry Edwards
806,Henry Hathaway
807,Henry Jaglom
808,Henry Joost
809,Ariel Schulman
810,Henry King
811,Henry Koster
812,Henry Levin
813,Henry Selick
814,Herb Freed
815,Herbert J. Biberman
816,Herbert Kline
817,Herbert L. Strock
818,Herk Harvey
819,Herman Yau
820,Hideo Nakata
821,Hirokazu Koreeda
822,Hiromasa Yonebayashi
823,Hiroyuki Seshita
824,Kōbun Shizuno
825,Ho Meng Hua
826,Honda
827,IshirōIshirō Honda
828,Honey Irani
829,Hot Cars
830,Hou Hsiao-hsien
831,Howard Bretherton
832,Howard Deutch
833,Howard Hawks
834,Howard Higgin
835,Howard R. Cohen
836,Howard W. Koch
837,Howard Zieff
838,Hoyt Yeatman
839,Hrishikesh Mukherjee
840,Hugh Wilson
841,Hugo Fregonese
842,Hur Jin-ho
843,Hwang Dong-hyuk
844,Hy Averback
845,Ib Melchior
846,Ida Lupino
847,Igor Kovalyov
848,Ilmar Raag
849,Im Chan-sang
850,Imtiaz Ali
851,Inder Kumar
852,Indra Kumar
853,Indrajit Nattoji
854,Ira Sachs
855,Irving Lerner
856,Irving Pichel
857,Irving Rapper
858,Irving Reis
859,Irwin Winkler
860,Isabel Coixet
861,Ishai Setton
862,Ishii
863,TeruoTeruo Ishii
864,Ismael Rodríguez
865,Ivan Passer
866,Ivan Reitman
867,Ivan Sen
868,Ivan Shurkhovetskiy
869,J. J. Abrams
870,J. Lee Thompson
871,J. Mahendran
872,J.E. Michalakas
873,Jack Arnold
874,Jack Bernhard
875,Jack Cardiff
876,Jack Clayton
877,Jack Donohue
878,Jack Gold
879,Jack Hill
880,Jack Nicholson
881,Jack Smight
882,Jackie Chan
883,Jacob Kornbluth
884,Jacques Tourneur
885,Jagadish Talasila
886,Jagdish
887,Jagdish A. Sharma
888,Jake Kasdan
889,Jake Paltrow
890,Jake Schreier
891,Jake Scott
892,James Bobin
893,James Bridges
894,James Cameron
895,James Cruze
896,James Edward Grant
897,James F. Collier
898,James Franco
899,James Frawley
900,James Gartner
901,James Glickenhaus
902,James Griffiths
903,James Gunn
904,James Kelley
905,James L. Brooks
906,James Landis
907,James Lapine
908,James Lemmo
909,James Mangold
910,James Marsh
911,James McTeigue
912,James P. Hogan
913,James Rouse
914,James Shea
915,James Signorelli
916,James Strong
917,James Toback
918,James W. Horne
919,James Ward Byrkit
920,James Watkins
921,James Whale
922,James Wong
923,James Yukich
924,Jane Campion
925,Jang Hoon
926,Jang Joon-hwan
927,Jared Hess
928,Jerusha Hess
929,Jared Cohn
930,Jarrett Schaefer
931,Jason Bloom
932,Jason Buxton
933,Jason Reitman
934,Jason Stone
935,Jay Baruchel
936,Jay Roach
937,Jay Russell
938,Jayan Vannery
939,Jayaprakash Radhakrishnan
940,Jazz Boon
941,Jean Negulesco
942,Jean Renoir
943,Jean Yarbrough
944,Jean-Claude La Marre
945,Jean-Marc Vallée
946,Jeannot Szwarc
947,Jean-Pierre Jeunet
948,Jeb Stuart
949,Jeeva Shankar
950,Jeff Baena
951,Jeff Barnaby
952,Jeff Blyth
953,Jeff Nichols
954,Jeff Pollack
955,Jeffrey Bloom
956,Jeffrey Dell
957,Jeffrey St. Jules
958,Jeffrey Walker
959,Jennifer Leitzes
960,Jennifer Lynch
961,Jennifer Westfeldt
962,Jennifer Yuh
963,Jeremy Kagan
964,Jeremy Lalonde
965,Jeremy Saulnier
966,Jeremy Sims
967,Jerrold Tarog
968,Jerry Hopper
969,Jerry Lewis
970,Jerry London
971,Jerry Zucker
972,Jerzy Skolimowski
973,Jessy Terrero
974,Jijo Antony
975,Jiju Asokan
976,Jim Abrahams
977,Jim Clark
978,Jim Fall
979,Jim Field Smith
980,Jim Goddard
981,Jim Henson
982,Jim Kammerud
983,Jim Makichuk
984,Jim O'Hanlon
985,Jim Sheridan
986,Jim Wynorski
987,Jimmy Hayward
988,Jimmy Heung
989,Steve Martino
990,Wong Jing
991,Jocelyn Moorhouse
992,Jodie Foster
993,Joe Addis
994,Joe Camp
995,Joe Charbanic
996,Joe Dante
997,Joe Johnston
998,Joe Nussbaum
999,Joe Ranft
1000,John Lasseter
1001,Joe Swanberg
1002,Joe Wright
1003,Joel Bender
1004,Joel Schumacher
1005,Johannes Roberts
1006,John A. Davis
1007,John Barnwell
1008,John Boulting
1009,John Brahm
1010,John Carpenter
1011,John Carter
1012,John Cornell
1013,John Cromwell
1014,John Crowley
1015,John D. Hancock
1016,John Dahl
1017,John Derek
1018,John Duigan
1019,John Eng
1020,Norton Virgien
1021,John English
1022,John Erick Dowdle
1023,John Fawcett
1024,John Ford
1025,John Fortenberry
1026,John Francis Dillon
1027,John Frankenheimer
1028,John G. Avildsen
1029,John Guillermin
1030,John Hayes
1031,John Hazlett
1032,John Hillcoat
1033,John Hough
1034,John Hughes
1035,John Huston
1036,John Hyams
1037,John Irvin
1038,John Landis
1039,John Langridge
1040,Brad Lewis
1041,Ash Brannon
1042,John Lee Hancock
1043,John Leonetti
1044,John Little
1045,Bruce Lee
1046,John Lounsbery
1047,John Luessenhop
1048,John Maclean
1049,John McPhail
1050,John McTiernan
1051,John Michael McDonagh
1052,John Milius
1053,John Miller
1054,John Pasquin
1055,John Pogue
1056,John Polson
1057,John Putch
1058,John Quested
1059,John R. Cherry III
1060,John Rawlins
1061,John Reinhardt
1062,John Rich
1063,John S. Robertson
1064,John Sayles
1065,John Schultz
1066,John Shackleton
1067,John Singleton
1068,John Stockwell
1069,John Sturges
1070,John Turturro
1071,John Waters
1072,John Wayne
1073,John Wells
1074,John Woo
1075,Johnnie To
1076,Johnnie To Wai Ka-Fai
1077,Jon Amiel
1078,Jon Avnet
1079,Jon Favreau
1080,Jon Gunn
1081,Jon Lucas
1082,Jon Turteltaub
1083,Jon Wright
1084,Jonas Åkerlund
1085,Jonathan Demme
1086,Jonathan Frakes
1087,Jonathan Gershfield
1088,Jonathan Hensleigh
1089,Jonathan Levine
1090,Jonathan Liebesman
1091,Jonathan Lynn
1092,Jonathan Mostow
1093,Jonathan Prince
1094,Jonathan Sobol
1095,Jonathan Teplitzky
1096,Jordan Galland
1097,Jorge Blanco
1098,Jose Mendez
1099,Joseph Cates
1100,Joseph Green
1101,Joseph H. Lewis
1102,Joseph Kane
1103,Joseph Kosinski
1104,Joseph Kuo Nam Hung
1105,Joseph Lawson
1106,Joseph Losey
1107,Joseph M. Newman
1108,Joseph Sargent
1109,Joseph Zito
1110,Josh Radnor
1111,Josh Schwartz
1112,Joshiy
1113,Joshua Logan
1114,Joshua Z. Weinstein
1115,Joss Whedon
1116,Joyce Bernal
1117,Juan Carlos Medina
1118,Juan Piquer Simon
1119,Jules Dassin
1120,Jules White
1121,Julie Anne Robinson
1122,Julien Magnat
1123,Julius Avery
1124,Jun Falkenstein
1125,Jung Bum-shik
1126,Jung Byung-gil
1127,Justin Chambers
1128,Justin Kurzel
1129,K. Balachander
1130,K. Raghavendra Rao
1131,K. Ramanlal
1132,K.S. Ravikumar
1133,K. V. Anand
1134,Kabeer Kaushik
1135,Kabir Khan
1136,Kabir Sadanand
1137,Kamal Amrohi
1138,Kamal Hassan
1139,Kanak Mishra
1140,Kang Hyo-jin
1141,Kang Woo-suk
1142,Karan Johar
1143,Karey Kirkpatrick
1144,Karl Geurs
1145,Karthik Rishi
1146,Karthik Subbaraj
1147,Karyn Kusama
1148,Kasper Barfoed
1149,Kat Slater
1150,Kate Barker-Froyland
1151,Katherine Brooks
1152,Kathryn Bigelow
1153,Katie Aselton
1154,Katie Graham
1155,Kaushik Ghatak
1156,Kavi Raz
1157,Keanu Reeves
1158,Keenen Ivory Wayans
1159,Keiichi Hara
1160,Kelly Asbury
1161,Lorna Cook
1162,Kelsey T. Howard
1163,Ken Annakin
1164,Ken Finkleman
1165,Ken Ghosh
1166,Ken Hannam
1167,Ken Hughes
1168,Ken Kwapis
1169,Ken Loach
1170,Ken Marino
1171,Ken Scott
1172,Kenneth Branagh
1173,Kenneth Lonergan
1174,Kenny Ortega
1175,Ketan Mehta
1176,Ketche
1177,Kevin Goetz
1178,Michael Goetz
1179,Kevin Connor
1180,Kevin Hooks
1181,Kevin King
1182,Kevin Lima
1183,Kevin Macdonald
1184,Kevin Rodney Sullivan
1185,Kevin Smith
1186,Khalid Mohammed
1187,Kieron J. Walsh
1188,Kim Chapiron
1189,Kim Druzhinin
1190,Andrei Shalopa
1191,Kim Farrant
1192,Kim Gwang-tae
1193,Kim Jee-woon
1194,Kim Tae-kyoung
1195,Kim Yong-hwa
1196,Kimberly Peirce
1197,King Donovan
1198,King Hu
1199,King Vidor
1200,Kinji Fukasaku
1201,Kiran Narayanan
1202,Kirill Serebrennikov
1203,Kiruthika Udhaynidhi
1204,Klim Shipenko
1205,Kong Tao-Hoi
1206,Koreeda
1207,HirokazuHirokazu Koreeda
1208,Krishna Chaitanya
1209,Krishna Vamsi
1210,Kunal Deshmukh
1211,Kunal Kohli
1212,Kundan Shah
1213,Kunihiko Yuyama
1214,Kurando Mitsutake
1215,Kurt Neumann
1216,Kurt Wimmer
1217,László Benedek
1218,Léonide Moguy
1219,Lance Comfort
1220,Larry Buchanan
1221,Larry Clark
1222,Larry Cohen
1223,Larry Fessenden
1224,Larysa Kondracki
1225,Lasse Hallström
1226,Lau Kar-Leung
1227,Law Chi-leung
1228,Lawrence Cheng
1229,Lee An-gyu
1230,Lee Chul-ha
1231,Lee Frost
1232,Lee Harry
1233,Lee Jeong-beom
1234,Lee Madden
1235,Lee Sholem
1236,Lee Tamahori
1237,Lee Tso Nam
1238,Lee Won-suk
1239,Leigh Jason
1240,Lekh Tandon
1241,Len Wiseman
1242,Lenny Abrahamson
1243,Leo McCarey
1244,Leo Zhang
1245,Leonard Fields
1246,Leonard Nimoy
1247,LeRoy Prinz
1248,Les Mayfield
1249,Lesley Selander
1250,Leslie Goodwins
1251,Leslie Greif
1252,Leslie Howard
1253,Leslie Martinson
1254,Leslie Pearce
1255,Leslie S. Hiscott
1256,Leslie Small
1257,Lew Landers
1258,Lewis Allen
1259,Lewis D. Collins
1260,Lewis Gilbert
1261,Lewis Milestone
1262,Lewis R. Foster
1263,Lewis Seiler
1264,Li Chao
1265,Liam O'Donnell
1266,Lijin Jose
1267,Lijo Jose Pellissery
1268,Lindsay Anderson
1269,Lingusamy
1270,Lionel Jeffries
1271,Liu Chia-Liang
1272,Liza Johnson
1273,Lo Wei
1274,Lokesh Kanagaraj
1275,Lone Scherfig
1276,Lorraine Senna
1277,Lou Adler
1278,Lou Diamond Phillips
1279,Lou Kennedy
1280,Louis Malle
1281,Louise Archambault
1282,Lowell Dean
1283,Lowell Sherman
1284,Lu Chuan
1285,Lucky McKee
1286,Luis Puenzo
1287,Luis Valdez
1288,Luther Reed
1289,Lynn Shelton
1290,M. Chandramohan
1291,M. Night Shyamalan
1292,M. Raja
1293,M. Rajesh
1294,Maclean Rogers
1295,Macon Blair
1296,Madhur Bhandarkar
1297,Madonna
1298,Mae Czarina Cruz-Alviar
1299,Mahesh Bhatt
1300,Mahesh Manjrekar
1301,Mahsun Kırmızıgül
1302,Majith
1303,Mak Wing-lun
1304,Malcolm St. Clair
1305,Mandeep Kumar
1306,Mani Ratnam
1307,Maniratnam
1308,Manmohan Desai
1309,Mansoor Khan
1310,Marc Forster
1311,Marc Rocco
1312,Marc Schoelermann
1313,Marc Webb
1314,Marco Brambilla
1315,Marco Schnabel
1316,Marcus Dunstan
1317,Marcus Nispel
1318,Marek Kanievska
1319,Maria Ripoll
1320,Mario Bava
1321,Marion Gering
1322,Marisa Silver
1323,Mark Andrews
1324,Steve Purcell
1325,Mark Atkins
1326,Mark Dacascos
1327,Mark Dindal
1328,Mark Gill
1329,Mark Goldblatt
1330,Mark Herman
1331,Mark L. Lester
1332,Mark Neveldine
1333,Mark Palansky
1334,Mark Robson
1335,Mark Sandrich
1336,Mark Schmidt
1337,Mark Steven Johnson
1338,Mark Stevens
1339,Mark Tonderai
1340,Mark Waters
1341,Marshall Neilan
1342,Martha Coolidge
1343,Marthandan
1344,Martin Campbell
1345,Martin Davidson
1346,Stephen F. Verona
1347,Martin Donovan
1348,Martin McDonagh
1349,Martin Ritt
1350,Martin Rosen
1351,Martin Scorsese
1352,Masaaki Yuasa
1353,Massimo Pupillo
1354,Matt Checkowski
1355,Kurt Mattila
1356,Matt Johnson
1357,Matt Piedmont
1358,Matt Reeves
1359,Matt Ross
1360,Matt Spicer
1361,Matthew Broderick
1362,Matthew Robbins
1363,Matthew Spradlin
1364,Matthew Warchus
1365,Matthias Hoene
1366,Maurice Hatton
1367,Max Joseph
1368,Maxwell Shane
1369,McG
1370,Megan Griffiths
1371,Mehboob Khan
1372,Mehul Kumar
1373,Mel Brooks
1374,Mel Damski
1375,Mel Gibson
1376,Mel Smith
1377,Mel Stuart
1378,Melville Shavelson
1379,Melville W. Brown
1380,Melvin Frank
1381,Michael A. DeGaetano
1382,Michael Anderson
1383,Michael Axelgaard
1384,Michael Bay
1385,Michael Brandt
1386,Michael Carney
1387,Michael Cuesta
1388,Michael Curtiz
1389,Michael Dowse
1390,Michael Gordon
1391,Michael Gornick
1392,Michael Gottlieb
1393,Michael Herz
1394,Michael Hoffman
1395,Michael J. Bassett
1396,Michael J. Weithorn
1397,Michael Landon Jr.
1398,Michael Lehmann
1399,Michael Lembeck
1400,Michael Lindsay-Hogg
1401,Michael Mabbott
1402,Michael Mann
1403,Michael McCarthy
1404,Michael Miller
1405,Michael Moore
1406,Michael Pate
1407,Michael Patrick King
1408,Michael Pavone
1409,Michael Powell
1410,Emeric Pressburger
1411,Michael Pressman
1412,Michael R. Phillips
1413,Michael Ritchie
1414,Michael Showalter
1415,Michael Switzer
1416,Michael Urie
1417,Michael Winner
1418,Michel Gondry
1419,Michel Levesque
1420,Mick Jackson
1421,Midhun Manuel Thomas
1422,Miike
1423,TakashiTakashi Miike
1424,Mike Binder
1425,Mike Clattenburg
1426,Mike Disa
1427,Mike Figgis
1428,Mike Flanagan
1429,Mike Gabriel
1430,Eric Goldberg
1431,Mike Mendez
1432,Mike Newell
1433,Mike Nichols
1434,Mike White
1435,Milan Luthria
1436,Milind Rau
1437,Milind Ukey
1438,Miloš Forman
1439,Mimi Leder
1440,Mina Shum
1441,Mitchell Leisen
1442,Mohan Savalkar
1443,Mohit Suri
1444,Mohsen Makhmalbaf
1445,Monte Hellman
1446,Montgomery Tully
1447,Mrigdeep Singh Lamba
1448,Mukul S. Anand
1449,Murali Mohan
1450,Mysskin
1451,N. Anand
1452,N. Linguswamy
1453,N. Maharajan
1454,Na Hong-jin
1455,Nagesh Kukunoor
1456,Nagraj Manjule
1457,Nancy Florence Savard
1458,Nancy Meyers
1459,Nandita Das
1460,Nandlal Jaswantlal
1461,Naoko Yamada
1462,Naresh Malhotra
1463,Nasir Hussain
1464,Nate Watt
1465,Nathan H. Juran
1466,Nathan Morlando
1467,Navdeep Singh
1468,Navinder Kirpal Singh
1469,Navneet Behal
1470,Neal Brennan
1471,Neal Sundstrom
1472,Neeraj Pandey
1473,Neil Armfield
1474,Neil Jordan
1475,Neil Leifer
1476,Neil Marshall
1477,Neill Blomkamp
1478,Newt Arnold
1479,Ng Ka-leung
1480,Jevons Au
1481,Chow Kwun-Wai
1482,Fei-pang Wong
1483,Kwok Zune
1484,Nicholas Hytner
1485,Nicholas Jarecki
1486,Nicholas Meyer
1487,Nicholas Ray
1488,Nicholas Stoller
1489,Nicholas Webster
1490,Nick Castle
1491,Nick Nevern
1492,Nick Park
1493,Nick Willing
1494,Nickolas Perry
1495,Nicolas Roeg
1496,Nicolas Winding Refn
1497,Nikhil Advani
1498,Nils Gaup
1499,Nishikanth Kamath
1500,Noël Wells
1501,Noah Baumbach
1502,Nora Ephron
1503,Nora Twomey
1504,Norman Ferguson
1505,Jack Kinney
1506,Norman Foster
1507,Norman Jewison
1508,Norman Krasna
1509,Norman Taurog
1510,Norman Tokar
1511,Norman Z. McLeod
1512,Nuel Naval
1513,Ohmkar
1514,Okamura
1515,TensaiTensai Okamura
1516,Ole Bornedal
1517,Oliver Parker
1518,Oliver Stone
1519,Olivia Lamasan
1520,Olivia Silver
1521,Olivier Gruner
1522,Omung Kumar
1523,Onur Tukel
1524,Oren Moverman
1525,Otomo
1526,KatsuhiroKatsuhiro Otomo
1527,Otto Brower
1528,David Burton
1529,Otto Preminger
1530,Owen Harris
1531,Oz Perkins
1532,Pa. Ranjith
1533,Paco Cabezas
1534,Pang Ho-Cheung
1535,Pankaj Batra
1536,Park Chan-wook
1537,Park Jae-hyun
1538,Park Jung-woo
1539,Parto Ghosh
1540,Pascal Laugier
1541,Pat Murphy
1542,Patrick Tatopoulos
1543,Paul Aaron
1544,Paul Andrew Williams
1545,Paul Brickman
1546,Paul Currie
1547,Paul Greengrass
1548,Paul Gross
1549,Paul Haggis
1550,Paul Hyett
1551,Paul Johansson
1552,Paul L. Stein
1553,Paul Lynch
1554,Paul Michael Glaser
1555,Paul Rodriguez
1556,Tony Plana
1557,Paul Schrader
1558,Paul Shoulberg
1559,Paul Sloane
1560,Paul Soriano
1561,Paul Thomas Anderson
1562,Paul W.S. Anderson
1563,Paul Wright
1564,Pauline Chan
1565,Pauly Shore
1566,Pavan Mallela
1567,Pavel Lungin
1568,Pavel Parkhomenko
1569,Pawan Kumar
1570,Paweł Pawlikowski
1571,Pen Densham
1572,Penelope Spheeris
1573,Pete Docter
1574,Bob Peterson
1575,Pete Travis
1576,Pete Walker
1577,Peter Berg
1578,Peter Bogdanovich
1579,Peter Carter
1580,Peter Cattaneo
1581,Peter Chan
1582,Peter Chelsom
1583,Peter Collinson
1584,Peter Docter
1585,Peter Geiger
1586,Peter Godfrey
1587,Peter Hastings
1588,Peter Hedges
1589,Peter Hewitt
1590,Peter Hutchings
1591,Peter Hyams
1592,Peter Landesman
1593,Peter Lord
1594,Peter MacDonald
1595,Peter Mullan
1596,Peter R. Hunt
1597,Peter Sasdy
1598,Peter Segal
1599,Peter Sohn
1600,Peter Templeman
1601,Peter Weir
1602,Peter Wellington
1603,Peter Yates
1604,Peyton Reed
1605,Phani Mazumdar
1606,Phil Joanou
1607,Phil Karlson
1608,Phil Roman
1609,Bill Melendez
1610,Phil Rosen
1611,Phil Victor
1612,George White
1613,Phil Whitman
1614,Philip Gilbert
1615,Philip Ridley
1616,Philippe Caland
1617,Philippe Martinez
1618,Philippe Mora
1619,Philippe Rousselot
1620,Phillip Borsos
1621,Phillip Noyce
1622,Phyllida Lloyd
1623,Pierre Coffin
1624,Chris Renaud
1625,Pierre de Moro
1626,Pierre Morel
1627,Pon Kumaran
1628,Pooja Bhatt
1629,Prabhu Deva
1630,Prabhu Solomon
1631,Pradeep Sarkar
1632,Prakash Jha
1633,Prakash Mehra
1634,Prasanth Murali
1635,Praveen Nischol
1636,Predrag Antonijević
1637,Prem Lalwani
1638,Prem Soni
1639,Priscilla Cameron
1640,Priyadarshan
1641,Puneet Sira
1642,Punit Malhotra
1643,Puri Jagannadh
1644,Quentin Tarantino
1645,R. G. Springsteen
1646,R. John Hugh
1647,R. Kannan
1648,R. S. Durai Senthilkumar
1649,R. T. Neason
1650,R. W. Goodwin
1651,Rachel Talalay
1652,Rachid Bouchareb
1653,Rafe M. Portilo
1654,Raghav Dar
1655,Rahul Dholakia
1656,Raj Kanwar
1657,Raj Kapoor
1658,Raj Khosla
1659,Raj Nidimoru
1660,Krishna Dk
1661,Raj Sippy
1662,Raja Gosnell
1663,Raja Menon
1664,Raja Nawathe
1665,Rajat Kapoor
1666,Rajiv Mehra
1667,Rajjan Madhav
1668,Rajkumar Gupta
1669,Rajkumar Hirani
1670,Rajkumar Periasamy
1671,Rajkumar Santoshi
1672,Rajshree Ojha
1673,Rakeysh Omprakash Mehra
1674,Ralph Bakshi
1675,Ralph Ceder
1676,Ralph Murphy
1677,Ralph Nelson
1678,Ralph Staub
1679,Ralph Thomas
1680,Ram
1681,Ram Gopal Varma
1682,Raman Kumar
1683,Ramesh Aravind
1684,Ramesh Sippy
1685,Randal Kleiser
1686,Randall Miller
1687,Randall Wallace
1688,Raoul Walsh
1689,Rathina Shiva
1690,Ravi Chopra
1691,Ray Dennis Steckler
1692,Ray Enright
1693,Ray Kellogg
1694,Ray McCarey
1695,Ray Milland
1696,Ray Nazarro
1697,Raymond Jafelice
1698,Raymond Yip
1699,Manfred Man
1700,Rebecca Miller
1701,Reema Kagti
1702,Reginald Hudlin
1703,Reginald LeBorg
1704,Relangi Narasimha Rao
1705,René Clément
1706,Renny Harlin
1707,Rensil D'Silva
1708,Revathy
1709,Rex Ingram
1710,Rian Johnson
1711,Richard Ashe
1712,Richard Attenborough
1713,Richard Benjamin
1714,Richard Brooks
1715,Richard Carlson
1716,Richard Ciupka
1717,Richard Cunha
1718,Richard Curtis
1719,Richard E. Cunha
1720,Richard E. Grant
1721,Richard Eyre
1722,Richard Fleischer
1723,Richard Franklin
1724,Richard Gray
1725,Richard Greenberg
1726,Richard Kahn
1727,Richard LaGravenese
1728,Richard Lang
1729,Richard Linklater
1730,Richard Marquand
1731,Richard Martini
1732,Richard Parry
1733,Richard Pearce
1734,Richard Rich
1735,Richard Schenkman
1736,Richard Spence
1737,Richard Thorpe
1738,Richard Whorf
1739,Richard Wilson
1740,Richie Mehta
1741,Rick Friedberg
1742,Ricky Gervais
1743,Matthew Robinson
1744,Ridley Scott
1745,Rob Cohen
1746,Rob Marshall
1747,Rob Minkoff
1748,Rob Reiner
1749,Robert Aldrich
1750,Robert Altman
1751,Robert Beaucage
1752,Robert Benton
1753,Robert Butler
1754,Robert Connolly
1755,Robert D. Siegel
1756,Robert D. Webb
1757,Robert Day
1758,Robert Eggers
1759,Robert F. Hill
1760,Robert Florey
1761,Robert Harling
1762,Robert Harmon
1763,Robert J. Flaherty
1764,Robert Luketic
1765,Robert Lynn
1766,Robert M. Young
1767,Robert Mandel
1768,Robert Moore
1769,Robert N. Bradbury
1770,Robert Parrish
1771,Robert Pirosh
1772,Robert Ramirez
1773,Robert Rodriguez
1774,Robert S. Baker
1775,Monty Berman
1776,Robert Shallcross
1777,Robert Siodmak
1778,Robert Stevenson
1779,Robert Tansey
1780,Robert Thom
1781,Robert Townsend
1782,Robert Vince
1783,Robert Wiemer
1784,Robert Wise
1785,Robert Young
1786,Robert Zemeckis
1787,Robin Budd
1788,Donovan Cook
1789,Robin Hardy
1790,Robin Swicord
1791,Rodrigo Cortés
1792,Roger Allers
1793,Jill Culton
1794,Anthony Stacchi
1795,Roger Christian
1796,Roger Corman
1797,Roger Donaldson
1798,Roger Kumble
1799,Roger Michell
1800,Roger Nygard
1801,Roger Spottiswoode
1802,Rohit Jugraj
1803,Rohit Shetty
1804,Roland Emmerich
1805,Roland Joffé
1806,Roland West
1807,Rolf de Heer
1808,Roman Polanski
1809,Roman Prygunov
1810,Ron Clements
1811,John Musker
1812,Ron Howard
1813,Ron Link
1814,Ron Oda
1815,Ron Ormond
1816,Kris Chin
1817,Herb Tevis
1818,Ron Shelton
1819,Ron Underwood
1820,Ron Winston
1821,Ronald Ashcroft
1822,Ronald Neame
1823,Ronny Yu
1824,Rose Troche
1825,Ross Partridge
1826,Rouben Mamoulian
1827,Rowan Joffé
1828,Rowdy Herrington
1829,Rowland V. Lee
1830,Roy Boulting
1831,Roy Rowland
1832,Roy William Neill
1833,Ruben Fleischer
1834,Ruchi Chaudhari
1835,Rudolph Maté
1836,Rudy De Luca
1837,Rumi Jaffery
1838,Rupert Glasson
1839,Rupert Wainwright
1840,Russel Mulcahy
1841,Russell Crowe
1842,Russell Mack
1843,Russell Mulcahy
1844,Russell P. Marleau
1845,Russo Brothers
1846,Rusty Cundieff
1847,Ryoo Seung-wan
1848,Ryuhei Kitamura
1849,S. Craig Zahler
1850,S. J. Suryaah
1851,S. Manasvi
1852,S. Ramanathan
1853,S. S. Rajamouli
1854,S. S. Vasan
1855,S. U. Arunkumar
1856,S.S. Wilson
1857,Sachin Khot
1858,Sachin Kundalkar
1859,Sachin Yardi
1860,Sagar Ballary
1861,Sagar Sarhadi
1862,Sahil Sangha
1863,Sai Paranjpye
1864,Saji Surendran
1865,Sajid Khan
1866,Saket Behl
1867,Saket Chaudhary
1868,Sally Potter
1869,Sam Anton
1870,Sam Firstenberg
1871,Sam Hoare
1872,Sam Katzman
1873,Sam Mendes
1874,Sam Newfield
1875,Sam Peckinpah
1876,Sam Pillsbury
1877,Sam Raimi
1878,Sam Weisman
1879,Sam Wood
1880,Sameer Malkan
1881,Sameer Sharma
1882,Sameer Vidwans
1883,Samir Karnik
1884,Samir Tewari
1885,Sammo Hung
1886,Sampath Nandi
1887,Samuel Fuller
1888,Sandeep Reddy Vanga
1889,Sandra Goldbacher
1890,Sandra Sciberras
1891,Sandy Tung
1892,Sanghamitra Chaudhari
1893,Sanjay Chhel
1894,Sanjay Gadhvi
1895,Sanjay Gupta
1896,Sanjay Leela Bhansali
1897,Sankalp Reddy
1898,Santosh Sivan
1899,Santosh srinivas
1900,Santram Varma
1901,Sara Sugarman
1902,Sarah Gavron
1903,Sarah Smith
1904,Sarah Watt
1905,Sarath
1906,Sathya
1907,Sathyan Anthikkad
1908,Satish Kaushik
1909,Satish Rajwade
1910,Satoshi Kuwabara
1911,Satyen Bose
1912,Saul Dibb
1913,Saul Metzstein
1914,Saurabh Varma
1915,Scott Alexander
1916,Larry Karaszewski
1917,Scott Cooper
1918,Scott Derrickson
1919,Scott Glosserman
1920,Scott Lew
1921,Scott McGehee
1922,David Siegel
1923,Scott Pembroke
1924,Scott Sidney
1925,Scott Smith
1926,Sean Baker
1927,Sean Ellis
1928,Sean Foley
1929,Sean McNamara
1930,Sean S. Cunningham
1931,Sebastián Lelio
1932,Sebastian Cordero
1933,Sergey Mokritskiy
1934,Seth Holt
1935,Shaad Ali
1936,Shakti Samanta
1937,Shakti Soundar Rajan
1938,Shakun Batra
1939,Shamim Sarif
1940,Shammi Kapoor
1941,Shana Feste
1942,Shane Acker
1943,Shane Black
1944,Shanjhey Kumar Perumal
1945,Shankar
1946,Shanker Raman
1947,Sharon Maguire
1948,Shashank Khaitan
1949,Shashanka Ghosh
1950,Shawn Christensen
1951,Shawn Levy
1952,Shekhar Kapur
1953,Sheldon Lettich
1954,Sheldon Reynolds
1955,Shima
1956,KojiKoji Shima
1957,Shimit Amin
1958,Shingo Suzuki
1959,Shirish Kunder
1960,Shiva Nirvana
1961,Shivam Nair
1962,Shreyas Talpade
1963,Shyam Benegal
1964,Sid Bennett
1965,Sid Pink
1966,Siddharth Anand
1967,Sidney Hayers
1968,Sidney Lumet
1969,Sidney Salkow
1970,Silvio Narizzano
1971,Simon Aboud
1972,Simon Baker
1973,Simon Curtis
1974,Simon J. Smith
1975,Steve Hickner
1976,Simon Verhoeven
1977,Simon Wells
1978,Simon West
1979,Simon Wincer
1980,Sion Sono
1981,Siva
1982,Slava Tsukerman
1983,Smeep Kang
1984,So Yong Kim
1985,Sofia Coppola
1986,Soi Cheang
1987,Sooraj Barjatya
1988,Spencer Bennet
1989,Spencer Gordon Bennet
1990,Spike Jonze
1991,Spike Lee
1992,Srijit Mukherji
1993,Srikanth Addala
1994,Srinu Vaitla
1995,Sriram Raghavan
1996,Stacey Graber
1997,Stacie Passon
1998,Stacy Title
1999,Stan Dragoti
2000,Stanley Donen
2001,Stanley Kramer
2002,Stanley Kubrick
2003,Stefan Schwartz
2004,Stephan Elliott
2005,Stephen Anderson
2006,Don Hall
2007,Stephen Bradley
2008,Stephen Chbosky
2009,Stephen Chow
2010,Stephen Daldry
2011,Stephen Fung
2012,Stephen Gyllenhaal
2013,Stephen Herek
2014,Stephen J. Anderson
2015,Stephen Lance
2016,Stephen Norrington
2017,Stephen Simon
2018,Stephen Sommers
2019,Stephen Surjik
2020,Sterling Campbell
2021,"Steve ""Spaz"" Williams"
2022,Steve Antin
2023,Steve Barron
2024,Steve Boyum
2025,Steve Buscemi
2026,Steve Carr
2027,Steve Carver
2028,Steve Latshaw
2029,Steve Miner
2030,Steve Race
2031,Steve Sekely
2032,Steven Brill
2033,Steven C. Miller
2034,Steven Gomez
2035,Steven Kastrissios
2036,Steven Lisberger
2037,Steven R. Moore
2038,Steven Schachter
2039,Steven Soderbergh
2040,Steven Spielberg
2041,Steven Trenbirth
2042,Stig Berggvist
2043,Paul Demeyer
2044,Stu Segall
2045,Stu Zicherman
2046,Stuart Beattie
2047,Stuart Heisler
2048,Stuart McDonald
2049,Stuart Rosenberg
2050,Stuart Urban
2051,Sturla Gunnarsson
2052,Subhash Ghai
2053,Subhash Kapoor
2054,Sudeep
2055,Sudheer Varma
2056,Sudhendu Roy
2057,Sue Brooks
2058,Sugii
2059,GisaburoGisaburo Sugii
2060,Suhail Tatari
2061,Sujoy Ghosh
2062,Sukhbir Singh
2063,Sunao Katabuchi
2064,Sundar C.
2065,Suneel Darshan
2066,Sunhil Sippy
2067,Sunny Luk
2068,Longman Leung
2069,Suresh Krishna
2070,Suresh Krissna
2071,Suri Krishnamma
2072,Sydney Pollack
2073,T. Hee
2074,T. Rama Rao
2075,Tad Stones
2076,Taika Waititi
2077,Tak Sakaguchi
2078,Yudai Yamaguchi
2079,Takahata
2080,IsaoIsao Takahata
2081,Takahiko Kyōgoku
2082,Takashi Miike
2083,Tamara Jenkins
2084,Tarsem Singh
2085,Tay Garnett
2086,Ted Demme
2087,Ted Emery
2088,Ted Kotcheff
2089,Ted Mikels
2090,Ted Tetzlaff
2091,Ted V. Mikels
2092,Teddy Chan
2093,Teddy Yip
2094,Teja
2095,Terence Fisher
2096,Terence Young
2097,Terrence Malick
2098,Terry Gilliam
2099,Terry Jones
2100,Terry O. Morse
2101,Terry Zwigoff
2102,The Vicious Brothers
2103,Theo Avgerinos
2104,Thierry Binisti
2105,Thierry Notz
2106,Thiru
2107,Thirukumaran
2108,Thom Fitzgerald
2109,Thomas Guard
2110,Charles Guard
2111,Thomas Wright
2112,Thor Freudenthal
2113,Thorold Dickinson
2114,Tigmanshu Dhulia
2115,Tim Burstall
2116,Tim Burton
2117,Tim Doiron
2118,Tim Fywell
2119,Tim Hill
2120,Patrick Gilmore
2121,Tim Robbins
2122,Tim Roth
2123,Tim Whelan
2124,Tinnu Anand
2125,Tod Williams
2126,Todd Berger
2127,Todd Haynes
2128,Tolga Karaçelik
2129,Tom Dey
2130,Tom Ford
2131,Tom Graeff
2132,Tom Green
2133,Tom Gries
2134,Tom Holland
2135,Tom Hooper
2136,Tom Mankiewicz
2137,Tom Shadyac
2138,Tomas Alfredson
2139,Tommy O'Haver
2140,Tony Bancroft
2141,Tony Bill
2142,Tony Chan
2143,Tony Elliott
2144,Tony Maylam
2145,Tony McNamara
2146,Tony Randel
2147,Travis Fine
2148,Trevor Nunn
2149,Trey Edward Shults
2150,Tristan Loraine
2151,Trivikram Srinivas
2152,Troy Duffy
2153,Tsui Hark
2154,Tyler Perry
2155,Ulu Grosbard
2156,Umesh Mehra
2157,Latif Faiziyev
2158,Uwe Boll
2159,Vadim Jean
2160,Vadim Perelman
2161,Varun Narvekar
2162,Veeru Potla
2163,Velraj
2164,Venkat Prabhu
2165,Venugopan
2166,Vicente Amorim
2167,Victor Bornia
2168,Victor Halperin
2169,Victor Mignatti
2170,Victor Saville
2171,Victor Sjostrom
2172,Vidhi Kasliwal
2173,Vijay Krishna Acharya
2174,Vijay Kumar Konda
2175,Vijay Lalwani
2176,Vikas Bahl
2177,Nitesh Tiwari
2178,Vikram Bhatt
2179,Vikram Pradhan
2180,Vikramaditya Motwane
2181,Vincent Kok
2182,Vincent McEveety
2183,Vincent Pérez
2184,Vincent Zhou
2185,Vincente Minnelli
2186,Vinil Mathew
2187,Vipin Parashar
2188,Vipul Amrutlal Shah
2189,Vipul Shah
2190,Vishal Bhardwaj
2191,Vishal Mishra
2192,Vittorio De Sica
2193,Vivek Agnihotri
2194,Vivek Sharma
2195,Vivi Friedman
2196,W. Lee Wilder
2197,W. Merle Connell
2198,Wallace Fox
2199,Wallace Worsley
2200,Wally Pfister
2201,Walter Hill
2202,Walter Lang
2203,Walter Matthau
2204,Walter Murch
2205,Wang Baoqiang
2206,Wang Chao
2207,Waris Hussein
2208,Warren Beatty
2209,Wayne Kramer
2210,Wayne Wang
2211,Wendy Tilby
2212,Amanda Forbis
2213,Wenn V. Deramas
2214,Whit Stillman
2215,John Sanford
2216,William A. Berke
2217,William A. Graham
2218,William A. Levey
2219,William A. Seiter
2220,William A. Wellman
2221,William Asher
2222,William Beaudine
2223,William Berke
2224,William Brent Bell
2225,William C. Laufer
2226,William C. McGann
2227,William Cameron Menzies
2228,William Castle
2229,William Cheung Kei
2230,William Clemens
2231,William Dear
2232,William Dieterle
2233,William Eubank
2234,William Fairchild
2235,William Friedkin
2236,William H. Pine
2237,William Hole
2238,William Lau
2239,William Lustig
2240,William Malone
2241,William Marshall
2242,William Morgan
2243,William Nigh
2244,William Peter Blatty
2245,William Richert
2246,William S. Hart
2247,King Baggot
2248,William Sachs
2249,William Shatner
2250,William West
2251,William Witney
2252,William Wyler
2253,Wilson Yip
2254,Wim Wenders
2255,Wolf Rilla
2256,Wolfgang Petersen
2257,Wolfgang Reitherman
2258,Wong Ching-Po
2259,Wong Kar-wai
2260,Woody Allen
2261,Xavier Dolan
2262,Xue Xiaolu
2263,Y. Nageshwar Rao
2264,Yūichi Fukuda
2265,Yamaguchi
2266,Yamamoto
2267,KazuhikoKazuhiko Yamaguchi
2268,MichioMichio Yamamoto
2269,Yang Qing
2270,Yang Woo-suk
2271,Yaron Zilberman
2272,Yash Chopra
2273,Yeon Sang-ho
2274,Yoji Yamada
2275,Yoon Jong-bin
2276,Yoshiaki Kawajiri
2277,You Song
2278,Yuasa
2279,Yuen Kwai
2280,NoriakiNoriaki Yuasa
2281,Patrick Leung
2282,Yuen Woo-ping
2283,Yuvaraj Bose
2284,Zach Braff
2285,Zach Lipovsky
2286,Zack Parker
2287,Zhang Yibai
2288,Zhang Yimou
2289,Yang Fengliang
2290,Zoltan Korda
2291,Zoya Akhtar
